#sample	num_of_est	1-purity_estimate	low_bound	top_bound
TCGA-3C-AAAU-01A	1	0.141	0.128	0.155
TCGA-3C-AALI-01A	1	0.269	0.245	0.291
TCGA-3C-AALJ-01A	1	0.335	0.303	0.36
TCGA-4H-AAAK-01A	1	0.364	0.344	0.394
TCGA-A1-A0SE-01A	1	0.491	0.465	0.517
TCGA-A1-A0SF-01A	1	0.447	0.422	0.474
TCGA-A1-A0SG-01A	1	0.329	0.301	0.352
TCGA-A1-A0SH-01A	1	0.542	0.508	0.58
TCGA-A1-A0SI-01A	1	0.458	0.431	0.485
TCGA-A1-A0SJ-01A	1	0.276	0.255	0.3
TCGA-A1-A0SK-01A	1	0.094	0.075	0.116
TCGA-A1-A0SN-01A	1	0.377	0.352	0.402
TCGA-A1-A0SP-01A	1	0.387	0.361	0.414
TCGA-A2-A04R-01A	1	0.132	0.118	0.145
TCGA-A2-A0CR-01A	1	0.663	0.628	0.695
TCGA-A2-A0CT-01A	1	0.13	0.114	0.145
TCGA-A2-A0EU-01A	1	0.211	0.194	0.232
TCGA-A2-A0SU-01A	1	0.402	0.376	0.422
TCGA-A2-A0SV-01A	1	0.343	0.32	0.368
TCGA-A2-A0SW-01A	1	0.355	0.331	0.382
TCGA-A2-A0SX-01A	1	0.425	0.405	0.442
TCGA-A2-A0SY-01A	1	0.315	0.295	0.338
TCGA-A2-A0T0-01A	1	0.392	0.357	0.423
TCGA-A2-A0T2-01A	1	0.205	0.187	0.223
TCGA-A2-A0T4-01A	1	0.475	0.448	0.5
TCGA-A2-A0T5-01A	1	0.36	0.336	0.388
TCGA-A2-A0T6-01A	1	0.429	0.4	0.457
TCGA-A2-A0T7-01A	1	0.485	0.446	0.541
TCGA-A2-A0YD-01A	1	0.444	0.416	0.471
TCGA-A2-A0YE-01A	1	0.216	0.198	0.235
TCGA-A2-A0YF-01A	1	0.187	0.17	0.204
TCGA-A2-A0YG-01A	1	0.256	0.236	0.281
TCGA-A2-A0YH-01A	1	0.387	0.365	0.417
TCGA-A2-A0YJ-01A	1	0.227	0.206	0.248
TCGA-A2-A0YK-01A	1	0.58	0.55	0.611
TCGA-A2-A0YL-01A	1	0.63	0.593	0.657
TCGA-A2-A0YM-01A	1	0.24	0.222	0.257
TCGA-A2-A0YT-01A	1	0.226	0.208	0.243
TCGA-A2-A1FV-01A	1	0.137	0.122	0.152
TCGA-A2-A1FW-01A	1	0.144	0.129	0.159
TCGA-A2-A1FX-01A	1	0.275	0.251	0.302
TCGA-A2-A1FZ-01A	1	0.489	0.456	0.518
TCGA-A2-A1G0-01A	1	0.423	0.39	0.449
TCGA-A2-A1G4-01A	1	0.191	0.175	0.206
TCGA-A2-A259-01A	1	0.49	0.47	0.547
TCGA-A2-A25A-01A	1	0.573	0.542	0.605
TCGA-A2-A25C-01A	1	0.36	0.319	0.383
TCGA-A2-A25D-01A	1	0.43	0.391	0.458
TCGA-A2-A25E-01A	1	0.282	0.262	0.305
TCGA-A2-A3KD-01A	1	0.421	0.395	0.475
TCGA-A2-A3XT-01A	1	0.447	0.424	0.47
TCGA-A2-A3XV-01A	1	0.326	0.301	0.351
TCGA-A2-A3XX-01A	1	0.361	0.334	0.38
TCGA-A2-A3XZ-01A	1	0.639	0.614	0.693
TCGA-A2-A3Y0-01A	1	0.412	0.379	0.439
TCGA-A2-A4S1-01A	1	0.43	0.398	0.479
TCGA-A2-A4S2-01A	1	0.45	0.418	0.483
TCGA-A2-A4S3-01A	1	0.447	0.415	0.484
TCGA-A7-A0D9-01A	1	0.179	0.163	0.196
TCGA-A7-A13F-01A	1	0.188	0.171	0.208
TCGA-A7-A26G-01A	1	0.567	0.549	0.627
TCGA-A7-A26H-01A	1	0.37	0.346	0.4
TCGA-A7-A26J-01A	1	0.248	0.226	0.268
TCGA-A7-A425-01A	1	0.444	0.415	0.471
TCGA-A7-A4SD-01A	1	0.419	0.395	0.451
TCGA-A7-A56D-01A	1	0.376	0.349	0.408
TCGA-A7-A5ZW-01A	1	0.61	0.564	0.638
TCGA-A7-A5ZX-01A	1	0.558	0.535	0.586
TCGA-A7-A6VV-01A	1	0.421	0.382	0.446
TCGA-A7-A6VW-01A	1	0.298	0.269	0.334
TCGA-A7-A6VX-01A	1	0.178	0.165	0.193
TCGA-A7-A6VY-01A	1	0.429	0.391	0.459
TCGA-A8-A075-01A	1	0.334	0.311	0.362
TCGA-A8-A08O-01A	1	0.29	0.26	0.311
TCGA-A8-A0A6-01A	1	0.447	0.42	0.474
TCGA-A8-A0AD-01A	1	0.278	0.256	0.302
TCGA-AC-A23C-01A	1	0.485	0.455	0.518
TCGA-AC-A23E-01A	1	0.408	0.382	0.437
TCGA-AC-A2B8-01A	1	0.453	0.426	0.485
TCGA-AC-A2BM-01A	1	0.294	0.274	0.331
TCGA-AC-A2FB-01A	1	0.724	0.7	0.749
TCGA-AC-A2FG-01A	1	0.433	0.405	0.461
TCGA-AC-A2FO-01A	1	0.586	0.563	0.611
TCGA-AC-A3HN-01A	1	0.53	0.489	0.563
TCGA-AC-A3QP-01A	1	0.584	0.556	0.61
TCGA-AC-A3YI-01A	1	0.71	0.675	0.737
TCGA-AC-A3YJ-01A	1	0.268	0.246	0.293
TCGA-AC-A4ZE-01A	1	0.161	0.146	0.175
TCGA-AC-A5EH-01A	1	0.418	0.392	0.445
TCGA-AC-A5XU-01A	1	0.247	0.227	0.266
TCGA-AC-A62Y-01A	1	0.38	0.342	0.413
TCGA-AC-A6IV-01A	1	0.66	0.63	0.69
TCGA-AC-A6IW-01A	1	0.491	0.47	0.555
TCGA-AC-A6IX-01A	1	0.455	0.432	0.485
TCGA-AC-A6NO-01A	1	0.274	0.256	0.292
TCGA-AC-A7VB-01A	1	0.126	0.111	0.141
TCGA-AC-A7VC-01A	1	0.186	0.168	0.203
TCGA-AC-A8OP-01A	1	0.381	0.347	0.412
TCGA-AC-A8OQ-01A	1	0.594	0.568	0.617
TCGA-AC-A8OS-01A	1	0.499	0.471	0.528
TCGA-AN-A0XN-01A	1	0.356	0.331	0.396
TCGA-AN-A0XO-01A	1	0.301	0.279	0.328
TCGA-AN-A0XP-01A	1	0.277	0.256	0.3
TCGA-AN-A0XR-01A	1	0.134	0.12	0.146
TCGA-AN-A0XS-01A	1	0.33	0.303	0.356
TCGA-AN-A0XT-01A	1	0.234	0.215	0.252
TCGA-AN-A0XU-01A	1	0.24	0.223	0.256
TCGA-AN-A0XV-01A	1	0.357	0.334	0.386
TCGA-AN-A0XW-01A	1	0.482	0.45	0.51
TCGA-AO-A03L-01A	1	0.391	0.359	0.442
TCGA-AO-A0JA-01A	1	0.323	0.303	0.347
TCGA-AO-A0JB-01A	1	0.238	0.22	0.255
TCGA-AO-A0JE-01A	1	0.464	0.44	0.506
TCGA-AO-A0JF-01A	1	0.574	0.532	0.604
TCGA-AO-A0JG-01A	1	0.415	0.378	0.444
TCGA-AO-A0JJ-01A	1	0.479	0.451	0.509
TCGA-AO-A0JM-01A	1	0.291	0.266	0.313
TCGA-AO-A124-01A	1	0.165	0.148	0.182
TCGA-AO-A128-01A	1	0.664	0.64	0.689
TCGA-AO-A1KP-01A	1	0.118	0.105	0.131
TCGA-AO-A1KR-01A	1	0.487	0.443	0.516
TCGA-AO-A1KS-01A	1	0.217	0.199	0.235
TCGA-AO-A1KT-01A	1	0.25	0.23	0.27
TCGA-AQ-A04H-01B	1	0.182	0.165	0.198
TCGA-AQ-A0Y5-01A	1	0.423	0.392	0.452
TCGA-AQ-A1H3-01A	1	0.396	0.369	0.42
TCGA-AQ-A7U7-01A	1	0.649	0.614	0.673
TCGA-AR-A0TP-01A	1	0.11	0.095	0.127
TCGA-AR-A0TQ-01A	1	0.408	0.383	0.435
TCGA-AR-A0TR-01A	1	0.162	0.146	0.18
TCGA-AR-A0TT-01A	1	0.524	0.486	0.562
TCGA-AR-A0TV-01A	1	0.206	0.191	0.223
TCGA-AR-A0TW-01A	1	0.348	0.318	0.375
TCGA-AR-A0TX-01A	1	0.556	0.532	0.583
TCGA-AR-A0TZ-01A	1	0.157	0.141	0.171
TCGA-AR-A0U0-01A	1	0.443	0.418	0.466
TCGA-AR-A0U3-01A	1	0.176	0.16	0.194
TCGA-AR-A1AI-01A	1	0.405	0.382	0.435
TCGA-AR-A1AK-01A	1	0.461	0.415	0.486
TCGA-AR-A1AL-01A	1	0.519	0.499	0.543
TCGA-AR-A1AN-01A	1	0.375	0.348	0.397
TCGA-AR-A1AO-01A	1	0.86	0.844	0.875
TCGA-AR-A1AP-01A	1	0.265	0.244	0.286
TCGA-AR-A1AQ-01A	1	0.419	0.405	0.438
TCGA-AR-A1AU-01A	1	0.412	0.386	0.439
TCGA-AR-A1AW-01A	1	0.58	0.546	0.604
TCGA-AR-A1AY-01A	1	0.141	0.124	0.158
TCGA-AR-A24H-01A	1	0.145	0.13	0.161
TCGA-AR-A24K-01A	1	0.134	0.119	0.148
TCGA-AR-A24M-01A	1	0.293	0.273	0.321
TCGA-AR-A24N-01A	1	0.194	0.179	0.21
TCGA-AR-A24P-01A	1	0.37	0.345	0.39
TCGA-AR-A24R-01A	1	0.281	0.264	0.301
TCGA-AR-A24S-01A	1	0.373	0.349	0.397
TCGA-AR-A24U-01A	1	0.684	0.656	0.712
TCGA-AR-A24W-01A	1	0.631	0.61	0.721
TCGA-AR-A24X-01A	1	0.312	0.287	0.338
TCGA-AR-A24Z-01A	1	0.14	0.125	0.155
TCGA-AR-A250-01A	1	0.287	0.268	0.314
TCGA-AR-A252-01A	1	0.726	0.705	0.749
TCGA-AR-A254-01A	1	0.438	0.404	0.466
TCGA-AR-A255-01A	1	0.416	0.389	0.444
TCGA-AR-A2LE-01A	1	0.266	0.245	0.287
TCGA-AR-A2LH-01A	1	0.795	0.764	0.822
TCGA-AR-A2LK-01A	1	0.189	0.174	0.205
TCGA-AR-A2LM-01A	1	0.43	0.385	0.455
TCGA-AR-A2LN-01A	1	0.548	0.524	0.572
TCGA-AR-A2LO-01A	1	0.619	0.599	0.639
TCGA-AR-A2LQ-01A	1	0.772	0.746	0.794
TCGA-AR-A5QM-01A	1	0.49	0.467	0.519
TCGA-AR-A5QN-01A	1	0.409	0.384	0.433
TCGA-AR-A5QP-01A	1	0.562	0.53	0.593
TCGA-AR-A5QQ-01A	1	0.747	0.711	0.766
TCGA-B6-A0I1-01A	1	0.214	0.196	0.234
TCGA-B6-A0RE-01A	1	0.249	0.232	0.268
TCGA-B6-A0RG-01A	1	0.119	0.102	0.135
TCGA-B6-A0RM-01A	1	0.181	0.167	0.197
TCGA-B6-A0RN-01A	1	0.192	0.176	0.208
TCGA-B6-A0RS-01A	1	0.34	0.319	0.362
TCGA-B6-A0RT-01A	1	0.872	0.848	0.897
TCGA-B6-A0RU-01A	1	0.458	0.432	0.487
TCGA-B6-A0RV-01A	1	0.498	0.464	0.524
TCGA-B6-A0WT-01A	1	0.299	0.279	0.317
TCGA-B6-A0WW-01A	1	0.269	0.246	0.297
TCGA-B6-A0WX-01A	1	0.45	0.427	0.472
TCGA-B6-A0WY-01A	1	0.569	0.538	0.612
TCGA-B6-A0WZ-01A	1	0.354	0.313	0.382
TCGA-B6-A0X5-01A	1	0.128	0.112	0.144
TCGA-B6-A1KC-01B	1	0.114	0.101	0.129
TCGA-B6-A1KF-01A	1	0.117	0.102	0.132
TCGA-B6-A1KI-01A	1	0.428	0.4	0.46
TCGA-B6-A1KN-01A	1	0.293	0.244	0.315
TCGA-B6-A2IU-01A	1	0.297	0.275	0.316
TCGA-B6-A401-01A	1	0.54	0.481	0.569
TCGA-B6-A409-01A	1	0.446	0.413	0.476
TCGA-B6-A40B-01A	1	0.357	0.333	0.38
TCGA-B6-A40C-01A	1	0.302	0.281	0.323
TCGA-BH-A0AU-01A	1	0.347	0.321	0.376
TCGA-BH-A0AW-01A	1	0.381	0.363	0.401
TCGA-BH-A0B3-01A	1	0.451	0.43	0.477
TCGA-BH-A0B5-01A	1	0.3	0.275	0.342
TCGA-BH-A0B9-01A	1	0.873	0.86	0.885
TCGA-BH-A0BA-01A	1	0.317	0.282	0.35
TCGA-BH-A0BC-01A	1	0.44	0.413	0.461
TCGA-BH-A0BF-01A	1	0.53	0.497	0.56
TCGA-BH-A0BM-01A	1	0.399	0.367	0.432
TCGA-BH-A0BZ-01A	1	0.346	0.324	0.369
TCGA-BH-A0C0-01A	1	0.527	0.5	0.565
TCGA-BH-A0C3-01A	1	0.555	0.513	0.588
TCGA-BH-A0DG-01A	1	0.516	0.486	0.546
TCGA-BH-A0DH-01A	1	0.207	0.19	0.224
TCGA-BH-A0DI-01A	1	0.537	0.504	0.563
TCGA-BH-A0DK-01A	1	0.411	0.384	0.435
TCGA-BH-A0DQ-01A	1	0.344	0.324	0.365
TCGA-BH-A0DS-01A	1	0.257	0.236	0.28
TCGA-BH-A0DV-01A	1	0.661	0.635	0.698
TCGA-BH-A0E0-01A	1	0.302	0.278	0.328
TCGA-BH-A0E1-01A	1	0.218	0.203	0.236
TCGA-BH-A0E2-01A	1	0.242	0.224	0.262
TCGA-BH-A0GY-01A	1	0.379	0.351	0.407
TCGA-BH-A0GZ-01A	1	0.279	0.26	0.3
TCGA-BH-A0H0-01A	1	0.135	0.123	0.146
TCGA-BH-A0H3-01A	1	0.421	0.381	0.451
TCGA-BH-A0H6-01A	1	0.238	0.217	0.26
TCGA-BH-A0H7-01A	1	0.21	0.191	0.23
TCGA-BH-A0H9-01A	1	0.323	0.302	0.348
TCGA-BH-A0HA-01A	1	0.241	0.227	0.256
TCGA-BH-A0HB-01A	1	0.328	0.3	0.352
TCGA-BH-A0HI-01A	1	0.342	0.315	0.37
TCGA-BH-A0HK-01A	1	0.21	0.195	0.227
TCGA-BH-A0HP-01A	1	0.443	0.419	0.466
TCGA-BH-A0HX-01A	1	0.29	0.265	0.314
TCGA-BH-A0HY-01A	1	0.175	0.16	0.19
TCGA-BH-A0W3-01A	1	0.177	0.157	0.193
TCGA-BH-A0W4-01A	1	0.41	0.385	0.437
TCGA-BH-A0WA-01A	1	0.276	0.262	0.291
TCGA-BH-A1EN-01A	1	0.123	0.108	0.139
TCGA-BH-A1EO-01A	1	0.326	0.299	0.356
TCGA-BH-A1ES-01A	1	0.168	0.153	0.183
TCGA-BH-A1ET-01A	1	0.288	0.269	0.31
TCGA-BH-A1EU-01A	1	0.655	0.634	0.674
TCGA-BH-A1EV-01A	1	0.228	0.208	0.249
TCGA-BH-A1EW-01A	1	0.433	0.39	0.46
TCGA-BH-A1EX-01A	1	0.319	0.285	0.35
TCGA-BH-A1F0-01A	1	0.842	0.817	0.86
TCGA-BH-A1F2-01A	1	0.379	0.354	0.404
TCGA-BH-A1F6-01A	1	0.426	0.395	0.453
TCGA-BH-A1F8-01A	1	0.236	0.218	0.251
TCGA-BH-A1FC-01A	1	0.285	0.264	0.311
TCGA-BH-A1FD-01A	1	0.275	0.251	0.299
TCGA-BH-A1FG-01A	1	0.206	0.188	0.224
TCGA-BH-A1FJ-01A	1	0.134	0.12	0.146
TCGA-BH-A1FL-01A	1	0.184	0.171	0.197
TCGA-BH-A1FM-01A	1	0.201	0.185	0.217
TCGA-BH-A1FN-01A	1	0.169	0.153	0.185
TCGA-BH-A201-01A	1	0.452	0.431	0.474
TCGA-BH-A203-01A	1	0.458	0.436	0.486
TCGA-BH-A204-01A	1	0.129	0.112	0.144
TCGA-BH-A208-01A	1	0.566	0.534	0.612
TCGA-BH-A209-01A	1	0.641	0.611	0.665
TCGA-BH-A2L8-01A	1	0.651	0.629	0.668
TCGA-BH-A42V-01A	1	0.556	0.529	0.585
TCGA-BH-A5IZ-01A	1	0.339	0.318	0.357
TCGA-BH-A5J0-01A	1	0.365	0.337	0.395
TCGA-BH-A6R8-01A	1	0.254	0.234	0.279
TCGA-BH-A8FY-01A	1	0.154	0.14	0.17
TCGA-BH-A8FZ-01A	1	0.611	0.582	0.632
TCGA-BH-A8G0-01A	1	0.71	0.684	0.742
TCGA-BH-AB28-01A	1	0.374	0.35	0.394
TCGA-C8-A1HJ-01A	1	0.209	0.189	0.231
TCGA-C8-A1HK-01A	1	0.192	0.172	0.207
TCGA-C8-A1HL-01A	1	0.174	0.157	0.191
TCGA-C8-A1HN-01A	1	0.197	0.179	0.214
TCGA-C8-A1HO-01A	1	0.137	0.123	0.151
TCGA-C8-A26W-01A	1	0.328	0.306	0.354
TCGA-C8-A26X-01A	1	0.526	0.49	0.556
TCGA-C8-A26Y-01A	1	0.399	0.373	0.431
TCGA-C8-A26Z-01A	1	0.148	0.133	0.164
TCGA-C8-A273-01A	1	0.255	0.236	0.274
TCGA-C8-A278-01A	1	0.566	0.534	0.6
TCGA-C8-A27A-01A	1	0.147	0.133	0.163
TCGA-C8-A27B-01A	1	0.253	0.234	0.274
TCGA-C8-A3M7-01A	1	0.538	0.513	0.567
TCGA-C8-A3M8-01A	1	0.322	0.3	0.345
TCGA-C8-A8HP-01A	1	0.749	0.728	0.769
TCGA-C8-A8HQ-01A	1	0.385	0.355	0.413
TCGA-C8-A8HR-01A	1	0.741	0.721	0.767
TCGA-D8-A1J8-01A	1	0.317	0.295	0.341
TCGA-D8-A1J9-01A	1	0.325	0.304	0.351
TCGA-D8-A1JA-01A	1	0.21	0.195	0.226
TCGA-D8-A1JB-01A	1	0.716	0.683	0.734
TCGA-D8-A1JC-01A	1	0.26	0.24	0.279
TCGA-D8-A1JE-01A	1	0.389	0.366	0.415
TCGA-D8-A1JG-01B	1	0.46	0.435	0.49
TCGA-D8-A1JI-01A	1	0.147	0.129	0.164
TCGA-D8-A1JJ-01A	1	0.433	0.377	0.458
TCGA-D8-A1JK-01A	1	0.346	0.323	0.373
TCGA-D8-A1JM-01A	1	0.141	0.124	0.157
TCGA-D8-A1JN-01A	1	0.114	0.101	0.128
TCGA-D8-A1JS-01A	1	0.093	0.08	0.106
TCGA-D8-A1JT-01A	1	0.131	0.117	0.146
TCGA-D8-A1JU-01A	1	0.587	0.558	0.616
TCGA-D8-A1X5-01A	1	0.315	0.287	0.34
TCGA-D8-A1X6-01A	1	0.175	0.16	0.191
TCGA-D8-A1X7-01A	1	0.207	0.192	0.223
TCGA-D8-A1X9-01A	1	0.254	0.234	0.276
TCGA-D8-A1XA-01A	1	0.205	0.187	0.222
TCGA-D8-A1XB-01A	1	0.422	0.393	0.454
TCGA-D8-A1XC-01A	1	0.151	0.134	0.166
TCGA-D8-A1XG-01A	1	0.177	0.162	0.192
TCGA-D8-A1XJ-01A	1	0.244	0.226	0.263
TCGA-D8-A1XK-01A	1	0.437	0.413	0.475
TCGA-D8-A1XL-01A	1	0.348	0.331	0.367
TCGA-D8-A1XM-01A	1	0.472	0.447	0.505
TCGA-D8-A1XQ-01A	1	0.301	0.276	0.336
TCGA-D8-A1XR-01A	1	0.164	0.149	0.178
TCGA-D8-A1XV-01A	1	0.149	0.132	0.163
TCGA-D8-A1XY-01A	1	0.354	0.333	0.377
TCGA-D8-A1XZ-01A	1	0.253	0.232	0.279
TCGA-D8-A1Y1-01A	1	0.362	0.334	0.395
TCGA-D8-A1Y2-01A	1	0.56	0.534	0.593
TCGA-D8-A1Y3-01A	1	0.119	0.105	0.133
TCGA-D8-A27E-01A	1	0.292	0.273	0.313
TCGA-D8-A27F-01A	1	0.205	0.187	0.223
TCGA-D8-A27G-01A	1	0.404	0.379	0.433
TCGA-D8-A27I-01A	1	0.66	0.631	0.686
TCGA-D8-A27K-01A	1	0.414	0.391	0.439
TCGA-D8-A27L-01A	1	0.541	0.512	0.567
TCGA-D8-A27R-01A	1	0.433	0.41	0.459
TCGA-D8-A27T-01A	1	0.321	0.3	0.348
TCGA-D8-A27V-01A	1	0.362	0.331	0.389
TCGA-D8-A27W-01A	1	0.329	0.302	0.355
TCGA-D8-A73U-01A	1	0.718	0.686	0.751
TCGA-D8-A73W-01A	1	0.334	0.312	0.355
TCGA-D8-A73X-01A	1	0.264	0.243	0.281
TCGA-E2-A10C-01A	1	0.303	0.277	0.337
TCGA-E2-A14N-01A	1	0.682	0.659	0.699
TCGA-E2-A15I-01A	1	0.33	0.309	0.352
TCGA-E2-A15J-01A	1	0.144	0.13	0.158
TCGA-E2-A15K-01A	1	0.218	0.201	0.237
TCGA-E2-A1B0-01A	1	0.449	0.423	0.475
TCGA-E2-A1B1-01A	1	0.722	0.688	0.747
TCGA-E2-A1B4-01A	1	0.209	0.189	0.228
TCGA-E2-A1B5-01A	1	0.742	0.682	0.766
TCGA-E2-A1BC-01A	1	0.433	0.408	0.459
TCGA-E2-A1BD-01A	1	0.156	0.141	0.169
TCGA-E2-A1IE-01A	1	0.263	0.243	0.285
TCGA-E2-A1IJ-01A	1	0.584	0.558	0.614
TCGA-E2-A1IK-01A	1	0.43	0.411	0.456
TCGA-E2-A1IL-01A	1	0.235	0.218	0.251
TCGA-E2-A1IN-01A	1	0.236	0.216	0.257
TCGA-E2-A1IU-01A	1	0.432	0.369	0.459
TCGA-E2-A1L6-01A	1	0.45	0.433	0.472
TCGA-E2-A1L7-01A	1	0.358	0.334	0.382
TCGA-E2-A1L9-01A	1	0.383	0.362	0.408
TCGA-E2-A1LA-01A	1	0.398	0.371	0.425
TCGA-E2-A1LB-01A	1	0.369	0.342	0.39
TCGA-E2-A1LG-01A	1	0.128	0.108	0.149
TCGA-E2-A1LH-01A	1	0.578	0.549	0.596
TCGA-E2-A1LI-01A	1	0.49	0.458	0.534
TCGA-E2-A1LK-01A	1	0.176	0.158	0.193
TCGA-E2-A2P6-01A	1	0.155	0.141	0.168
TCGA-E2-A56Z-01A	1	0.176	0.163	0.19
TCGA-E2-A573-01A	1	0.55	0.535	0.565
TCGA-E2-A574-01A	1	0.139	0.121	0.157
TCGA-E2-A576-01A	1	0.226	0.205	0.246
TCGA-E9-A1N3-01A	1	0.213	0.196	0.231
TCGA-E9-A1N4-01A	1	0.378	0.351	0.404
TCGA-E9-A1N5-01A	1	0.413	0.389	0.434
TCGA-E9-A1N9-01A	1	0.333	0.306	0.358
TCGA-E9-A1NA-01A	1	0.266	0.244	0.286
TCGA-E9-A1NC-01A	1	0.647	0.564	0.666
TCGA-E9-A1ND-01A	1	0.545	0.501	0.582
TCGA-E9-A1NE-01A	1	0.731	0.709	0.756
TCGA-E9-A1NF-01A	1	0.385	0.361	0.414
TCGA-E9-A1NG-01A	1	0.653	0.634	0.671
TCGA-E9-A1NI-01A	1	0.237	0.212	0.263
TCGA-E9-A1QZ-01A	1	0.658	0.634	0.686
TCGA-E9-A1R0-01A	1	0.471	0.446	0.495
TCGA-E9-A1R2-01A	1	0.346	0.322	0.372
TCGA-E9-A1R3-01A	1	0.304	0.285	0.325
TCGA-E9-A1R5-01A	1	0.302	0.28	0.32
TCGA-E9-A1R6-01A	1	0.244	0.226	0.263
TCGA-E9-A1R7-01A	1	0.318	0.298	0.34
TCGA-E9-A1RA-01A	1	0.543	0.513	0.57
TCGA-E9-A1RC-01A	1	0.152	0.135	0.168
TCGA-E9-A1RE-01A	1	0.168	0.152	0.182
TCGA-E9-A1RF-01A	1	0.297	0.263	0.334
TCGA-E9-A1RG-01A	1	0.194	0.175	0.21
TCGA-E9-A1RH-01A	1	0.399	0.365	0.432
TCGA-E9-A227-01A	1	0.428	0.398	0.451
TCGA-E9-A228-01A	1	0.184	0.166	0.205
TCGA-E9-A229-01A	1	0.397	0.374	0.422
TCGA-E9-A22A-01A	1	0.54	0.5	0.573
TCGA-E9-A22D-01A	1	0.493	0.435	0.525
TCGA-E9-A22E-01A	1	0.498	0.472	0.55
TCGA-E9-A22H-01A	1	0.335	0.313	0.355
TCGA-E9-A243-01A	1	0.807	0.78	0.832
TCGA-E9-A244-01A	1	0.399	0.365	0.42
TCGA-E9-A245-01A	1	0.228	0.211	0.243
TCGA-E9-A247-01A	1	0.167	0.152	0.182
TCGA-E9-A248-01A	1	0.576	0.551	0.614
TCGA-E9-A24A-01A	1	0.393	0.35	0.411
TCGA-E9-A295-01A	1	0.375	0.346	0.402
TCGA-E9-A2JS-01A	1	0.256	0.235	0.276
TCGA-E9-A2JT-01A	1	0.842	0.823	0.86
TCGA-E9-A3HO-01A	1	0.171	0.158	0.185
TCGA-E9-A3QA-01A	1	0.854	0.833	0.871
TCGA-E9-A54Y-01A	1	0.156	0.14	0.171
TCGA-E9-A5UO-01A	1	0.128	0.112	0.144
TCGA-E9-A6HE-01A	1	0.407	0.38	0.435
TCGA-EW-A1IX-01A	1	0.428	0.409	0.484
TCGA-EW-A1IY-01A	1	0.522	0.502	0.555
TCGA-EW-A1IZ-01A	1	0.645	0.608	0.672
TCGA-EW-A1J1-01A	1	0.196	0.179	0.211
TCGA-EW-A1J2-01A	1	0.537	0.507	0.565
TCGA-EW-A1J3-01A	1	0.242	0.226	0.258
TCGA-EW-A1J5-01A	1	0.358	0.333	0.381
TCGA-EW-A1J6-01A	1	0.28	0.257	0.303
TCGA-EW-A1OV-01A	1	0.511	0.475	0.548
TCGA-EW-A1OY-01A	1	0.128	0.115	0.14
TCGA-EW-A1OZ-01A	1	0.306	0.281	0.33
TCGA-EW-A1P0-01A	1	0.199	0.182	0.214
TCGA-EW-A1P1-01A	1	0.813	0.796	0.838
TCGA-EW-A1P5-01A	1	0.274	0.256	0.294
TCGA-EW-A1P8-01A	1	0.289	0.264	0.314
TCGA-EW-A1PA-01A	1	0.368	0.342	0.402
TCGA-EW-A1PB-01A	1	0.555	0.534	0.58
TCGA-EW-A1PE-01A	1	0.346	0.323	0.37
TCGA-EW-A1PG-01A	1	0.743	0.721	0.77
TCGA-EW-A1PH-01A	1	0.159	0.143	0.175
TCGA-EW-A2FR-01A	1	0.622	0.602	0.644
TCGA-EW-A2FS-01A	1	0.486	0.459	0.514
TCGA-EW-A2FV-01A	1	0.483	0.457	0.508
TCGA-EW-A2FW-01A	1	0.151	0.137	0.165
TCGA-EW-A423-01A	1	0.186	0.17	0.204
TCGA-EW-A6SB-01A	1	0.553	0.535	0.574
TCGA-EW-A6SC-01A	1	0.343	0.323	0.365
TCGA-EW-A6SD-01A	1	0.325	0.304	0.347
TCGA-GI-A2C8-01A	1	0.385	0.359	0.415
TCGA-GM-A2DA-01A	1	0.451	0.425	0.478
TCGA-GM-A2DB-01A	1	0.536	0.505	0.577
TCGA-GM-A2DC-01A	1	0.247	0.23	0.27
TCGA-GM-A2DF-01A	1	0.61	0.576	0.635
TCGA-GM-A2DH-01A	1	0.458	0.428	0.486
TCGA-GM-A2DK-01A	1	0.51	0.473	0.537
TCGA-GM-A2DL-01A	1	0.472	0.443	0.498
TCGA-GM-A2DM-01A	1	0.282	0.257	0.304
TCGA-GM-A2DN-01A	1	0.631	0.583	0.658
TCGA-GM-A3XL-01A	1	0.321	0.3	0.346
TCGA-GM-A4E0-01A	1	0.654	0.631	0.686
TCGA-GM-A5PV-01A	1	0.397	0.372	0.433
TCGA-GM-A5PX-01A	1	0.487	0.457	0.519
TCGA-HN-A2OB-01A	1	0.59	0.555	0.627
TCGA-JL-A3YX-01A	1	0.242	0.228	0.258
TCGA-LD-A66U-01A	1	0.527	0.501	0.567
TCGA-LD-A74U-01A	1	0.574	0.547	0.595
TCGA-LL-A440-01A	1	0.787	0.762	0.816
TCGA-LL-A50Y-01A	1	0.264	0.242	0.286
TCGA-LL-A5YL-01A	1	0.357	0.334	0.378
TCGA-LL-A5YM-01A	1	0.198	0.181	0.214
TCGA-LL-A5YP-01A	1	0.393	0.358	0.434
TCGA-LL-A6FP-01A	1	0.104	0.092	0.117
TCGA-LL-A6FQ-01A	1	0.164	0.148	0.179
TCGA-LL-A73Y-01A	1	0.418	0.391	0.441
TCGA-LL-A73Z-01A	1	0.634	0.608	0.665
TCGA-LL-A7SZ-01A	1	0.522	0.487	0.564
TCGA-LL-A7T0-01A	1	0.263	0.241	0.283
TCGA-LL-A8F5-01A	1	0.325	0.304	0.355
TCGA-LL-A9Q3-01A	1	0.336	0.309	0.369
TCGA-OK-A5Q2-01A	1	0.572	0.539	0.617
TCGA-OL-A5D6-01A	1	0.421	0.394	0.453
TCGA-OL-A5D8-01A	1	0.198	0.182	0.213
TCGA-OL-A5DA-01A	1	0.319	0.301	0.343
TCGA-OL-A5RU-01A	1	0.601	0.57	0.628
TCGA-OL-A5RV-01A	1	0.572	0.538	0.6
TCGA-OL-A5RW-01A	1	0.144	0.128	0.165
TCGA-OL-A5RY-01A	1	0.841	0.818	0.859
TCGA-OL-A5RZ-01A	1	0.11	0.097	0.124
TCGA-OL-A5S0-01A	1	0.449	0.421	0.477
TCGA-OL-A66H-01A	1	0.382	0.355	0.407
TCGA-OL-A66I-01A	1	0.538	0.497	0.57
TCGA-OL-A66P-01A	1	0.633	0.606	0.661
TCGA-OL-A6VO-01A	1	0.262	0.241	0.285
TCGA-PE-A5DD-01A	1	0.237	0.219	0.253
TCGA-PE-A5DE-01A	1	0.522	0.498	0.549
TCGA-PL-A8LX-01A	1	0.347	0.328	0.371
TCGA-S3-A6ZF-01A	1	0.341	0.32	0.364
TCGA-S3-A6ZG-01A	1	0.271	0.251	0.291
TCGA-S3-A6ZH-01A	1	0.215	0.194	0.233
TCGA-S3-AA0Z-01A	1	0.212	0.195	0.231
TCGA-S3-AA10-01A	1	0.438	0.41	0.472
TCGA-S3-AA11-01A	1	0.244	0.228	0.261
TCGA-S3-AA12-01A	1	0.09	0.076	0.104
TCGA-S3-AA14-01A	1	0.385	0.362	0.433
TCGA-S3-AA17-01A	1	0.454	0.426	0.483
TCGA-UU-A93S-01A	1	0.249	0.221	0.272
TCGA-V7-A7HQ-01A	1	0.286	0.267	0.308
TCGA-W8-A86G-01A	1	0.518	0.488	0.549
TCGA-WT-AB41-01A	1	0.481	0.457	0.508
TCGA-WT-AB44-01A	1	0.276	0.245	0.309
TCGA-XX-A899-01A	1	0.59	0.565	0.616
TCGA-XX-A89A-01A	1	0.519	0.493	0.544
TCGA-Z7-A8R5-01A	1	0.633	0.604	0.669
